<annotation>
	<folder>10</folder>
	<filename>10aframe5.jpg</filename>
	<path>C:\Users\CauldronKAPPA\Desktop\capture0\10\10aframe5.jpg</path>
	<source>
		<database>Unknown</database>
	</source>
	<size>
		<width>320</width>
		<height>320</height>
		<depth>3</depth>
	</size>
	<segmented>0</segmented>
	<object>
		<name>capsule_10</name>
		<pose>Unspecified</pose>
		<truncated>0</truncated>
		<difficult>0</difficult>
		<bndbox>
			<xmin>112</xmin>
			<ymin>106</ymin>
			<xmax>176</xmax>
			<ymax>244</ymax>
		</bndbox>
	</object>
</annotation>
