<annotation>
	<folder>10</folder>
	<filename>10bframe31.jpg</filename>
	<path>C:\Users\CauldronKAPPA\Desktop\capture0\10\10bframe31.jpg</path>
	<source>
		<database>Unknown</database>
	</source>
	<size>
		<width>320</width>
		<height>320</height>
		<depth>3</depth>
	</size>
	<segmented>0</segmented>
	<object>
		<name>capsule_10</name>
		<pose>Unspecified</pose>
		<truncated>0</truncated>
		<difficult>0</difficult>
		<bndbox>
			<xmin>166</xmin>
			<ymin>153</ymin>
			<xmax>312</xmax>
			<ymax>228</ymax>
		</bndbox>
	</object>
</annotation>
