<annotation>
	<folder>11</folder>
	<filename>11aframe0.jpg</filename>
	<path>C:\Users\CauldronKAPPA\Desktop\capture0\11\11aframe0.jpg</path>
	<source>
		<database>Unknown</database>
	</source>
	<size>
		<width>320</width>
		<height>320</height>
		<depth>3</depth>
	</size>
	<segmented>0</segmented>
	<object>
		<name>capsule_11</name>
		<pose>Unspecified</pose>
		<truncated>0</truncated>
		<difficult>0</difficult>
		<bndbox>
			<xmin>66</xmin>
			<ymin>113</ymin>
			<xmax>195</xmax>
			<ymax>176</ymax>
		</bndbox>
	</object>
</annotation>
